Target image,Source image,Target landmarks,Source landmarks,Image diagonal [pixels],Image size [pixels],status
COAD_01/scale-25pc/S1.jpg,COAD_01/scale-25pc/S3.jpg,COAD_01/scale-25pc/S1.csv,COAD_01/scale-25pc/S3.csv,17347.5,"(13812, 10496)",training
COAD_01/scale-25pc/S1.jpg,COAD_01/scale-25pc/S6.jpg,COAD_01/scale-25pc/S1.csv,COAD_01/scale-25pc/S6.csv,17347.5,"(13812, 10496)",training
COAD_01/scale-25pc/S1.jpg,COAD_01/scale-25pc/S7.jpg,COAD_01/scale-25pc/S1.csv,COAD_01/scale-25pc/S7.csv,17347.5,"(13812, 10496)",training
COAD_01/scale-25pc/S3.jpg,COAD_01/scale-25pc/S6.jpg,COAD_01/scale-25pc/S3.csv,COAD_01/scale-25pc/S6.csv,17739.5,"(14131, 10724)",training
COAD_01/scale-25pc/S3.jpg,COAD_01/scale-25pc/S7.jpg,COAD_01/scale-25pc/S3.csv,COAD_01/scale-25pc/S7.csv,17739.5,"(14131, 10724)",training
COAD_01/scale-25pc/S6.jpg,COAD_01/scale-25pc/S7.jpg,COAD_01/scale-25pc/S6.csv,COAD_01/scale-25pc/S7.csv,18870.3,"(15052, 11381)",training
COAD_02/scale-25pc/S2.jpg,COAD_02/scale-25pc/S3.jpg,COAD_02/scale-25pc/S2.csv,COAD_02/scale-25pc/S3.csv,12885.1,"(9551, 8649)",training
COAD_02/scale-25pc/S2.jpg,COAD_02/scale-25pc/S6.jpg,COAD_02/scale-25pc/S2.csv,COAD_02/scale-25pc/S6.csv,12885.1,"(9551, 8649)",training
COAD_02/scale-25pc/S2.jpg,COAD_02/scale-25pc/S7.jpg,COAD_02/scale-25pc/S2.csv,COAD_02/scale-25pc/S7.csv,12885.1,"(9551, 8649)",training
COAD_02/scale-25pc/S3.jpg,COAD_02/scale-25pc/S6.jpg,COAD_02/scale-25pc/S3.csv,COAD_02/scale-25pc/S6.csv,13238.9,"(10396, 8197)",training
COAD_02/scale-25pc/S3.jpg,COAD_02/scale-25pc/S7.jpg,COAD_02/scale-25pc/S3.csv,COAD_02/scale-25pc/S7.csv,13238.9,"(10396, 8197)",training
COAD_02/scale-25pc/S6.jpg,COAD_02/scale-25pc/S7.jpg,COAD_02/scale-25pc/S6.csv,COAD_02/scale-25pc/S7.csv,14043.3,"(10782, 8998)",training
COAD_03/scale-25pc/S2.jpg,COAD_03/scale-25pc/S5.jpg,COAD_03/scale-25pc/S2.csv,COAD_03/scale-25pc/S5.csv,17896.6,"(14182, 10916)",training
COAD_04/scale-25pc/S2.jpg,COAD_04/scale-25pc/S5.jpg,COAD_04/scale-25pc/S2.csv,COAD_04/scale-25pc/S5.csv,16460.9,"(13915, 8794)",training
COAD_05/scale-25pc/S2.jpg,COAD_05/scale-25pc/S5-v1.jpg,COAD_05/scale-25pc/S2.csv,COAD_05/scale-25pc/S5-v1.csv,12777.2,"(8064, 9911)",training
COAD_05/scale-25pc/S2.jpg,COAD_05/scale-25pc/S6.jpg,COAD_05/scale-25pc/S2.csv,COAD_05/scale-25pc/S6.csv,12777.2,"(8064, 9911)",training
COAD_05/scale-25pc/S2.jpg,COAD_05/scale-25pc/S7.jpg,COAD_05/scale-25pc/S2.csv,COAD_05/scale-25pc/S7.csv,12777.2,"(8064, 9911)",training
COAD_05/scale-25pc/S5-v1.jpg,COAD_05/scale-25pc/S6.jpg,COAD_05/scale-25pc/S5-v1.csv,COAD_05/scale-25pc/S6.csv,12869.1,"(8282, 9850)",training
COAD_05/scale-25pc/S5-v1.jpg,COAD_05/scale-25pc/S7.jpg,COAD_05/scale-25pc/S5-v1.csv,COAD_05/scale-25pc/S7.csv,12869.1,"(8282, 9850)",training
COAD_05/scale-25pc/S6.jpg,COAD_05/scale-25pc/S7.jpg,COAD_05/scale-25pc/S6.csv,COAD_05/scale-25pc/S7.csv,12917.8,"(8381, 9830)",training
COAD_06/scale-25pc/S2.jpg,COAD_06/scale-25pc/S5.jpg,COAD_06/scale-25pc/S2.csv,COAD_06/scale-25pc/S5.csv,15647.9,"(11194, 10934)",training
COAD_06/scale-25pc/S2.jpg,COAD_06/scale-25pc/S7.jpg,COAD_06/scale-25pc/S2.csv,COAD_06/scale-25pc/S7.csv,15647.9,"(11194, 10934)",training
COAD_06/scale-25pc/S5.jpg,COAD_06/scale-25pc/S7.jpg,COAD_06/scale-25pc/S5.csv,COAD_06/scale-25pc/S7.csv,16271.5,"(11846, 11155)",training
COAD_07/scale-25pc/S2.jpg,COAD_07/scale-25pc/S5.jpg,COAD_07/scale-25pc/S2.csv,COAD_07/scale-25pc/S5.csv,15887.5,"(11702, 10746)",training
COAD_07/scale-25pc/S2.jpg,COAD_07/scale-25pc/S7.jpg,COAD_07/scale-25pc/S2.csv,COAD_07/scale-25pc/S7.csv,15887.5,"(11702, 10746)",training
COAD_07/scale-25pc/S5.jpg,COAD_07/scale-25pc/S7.jpg,COAD_07/scale-25pc/S5.csv,COAD_07/scale-25pc/S7.csv,14896.7,"(10740, 10323)",training
COAD_08/scale-25pc/S1.jpg,COAD_08/scale-25pc/S3.jpg,COAD_08/scale-25pc/S1.csv,COAD_08/scale-25pc/S3.csv,17621.2,"(14099, 10570)",training
COAD_08/scale-25pc/S1.jpg,COAD_08/scale-25pc/S6.jpg,COAD_08/scale-25pc/S1.csv,COAD_08/scale-25pc/S6.csv,17621.2,"(14099, 10570)",training
COAD_08/scale-25pc/S1.jpg,COAD_08/scale-25pc/S7.jpg,COAD_08/scale-25pc/S1.csv,COAD_08/scale-25pc/S7.csv,17621.2,"(14099, 10570)",training
COAD_08/scale-25pc/S3.jpg,COAD_08/scale-25pc/S6.jpg,COAD_08/scale-25pc/S3.csv,COAD_08/scale-25pc/S6.csv,18582.8,"(15431, 10354)",training
COAD_08/scale-25pc/S3.jpg,COAD_08/scale-25pc/S7.jpg,COAD_08/scale-25pc/S3.csv,COAD_08/scale-25pc/S7.csv,18582.8,"(15431, 10354)",training
COAD_08/scale-25pc/S6.jpg,COAD_08/scale-25pc/S7.jpg,COAD_08/scale-25pc/S6.csv,COAD_08/scale-25pc/S7.csv,18809.5,"(13962, 12604)",training
COAD_09/scale-25pc/S1.jpg,COAD_09/scale-25pc/S2.jpg,COAD_09/scale-25pc/S1.csv,COAD_09/scale-25pc/S2.csv,14033.5,"(11500, 8043)",training
COAD_09/scale-25pc/S1.jpg,COAD_09/scale-25pc/S5.jpg,COAD_09/scale-25pc/S1.csv,COAD_09/scale-25pc/S5.csv,14033.5,"(11500, 8043)",training
COAD_09/scale-25pc/S1.jpg,COAD_09/scale-25pc/S6.jpg,COAD_09/scale-25pc/S1.csv,COAD_09/scale-25pc/S6.csv,14033.5,"(11500, 8043)",training
COAD_09/scale-25pc/S2.jpg,COAD_09/scale-25pc/S5.jpg,COAD_09/scale-25pc/S2.csv,COAD_09/scale-25pc/S5.csv,14431.3,"(11721, 8419)",training
COAD_09/scale-25pc/S2.jpg,COAD_09/scale-25pc/S6.jpg,COAD_09/scale-25pc/S2.csv,COAD_09/scale-25pc/S6.csv,14431.3,"(11721, 8419)",training
COAD_09/scale-25pc/S5.jpg,COAD_09/scale-25pc/S6.jpg,COAD_09/scale-25pc/S5.csv,COAD_09/scale-25pc/S6.csv,15096.0,"(12344, 8690)",training
COAD_10/scale-25pc/S1.jpg,COAD_10/scale-25pc/S4.jpg,COAD_10/scale-25pc/S1.csv,COAD_10/scale-25pc/S4.csv,16867.3,"(11914, 11940)",training
COAD_10/scale-25pc/S1.jpg,COAD_10/scale-25pc/S6.jpg,COAD_10/scale-25pc/S1.csv,COAD_10/scale-25pc/S6.csv,16867.3,"(11914, 11940)",training
COAD_10/scale-25pc/S1.jpg,COAD_10/scale-25pc/S7.jpg,COAD_10/scale-25pc/S1.csv,COAD_10/scale-25pc/S7.csv,16867.3,"(11914, 11940)",training
COAD_10/scale-25pc/S4.jpg,COAD_10/scale-25pc/S6.jpg,COAD_10/scale-25pc/S4.csv,COAD_10/scale-25pc/S6.csv,15627.1,"(13189, 8382)",training
COAD_10/scale-25pc/S4.jpg,COAD_10/scale-25pc/S7.jpg,COAD_10/scale-25pc/S4.csv,COAD_10/scale-25pc/S7.csv,15627.1,"(13189, 8382)",training
COAD_10/scale-25pc/S6.jpg,COAD_10/scale-25pc/S7.jpg,COAD_10/scale-25pc/S6.csv,COAD_10/scale-25pc/S7.csv,15304.7,"(13059, 7981)",training
COAD_11/scale-25pc/S1.jpg,COAD_11/scale-25pc/S2.jpg,COAD_11/scale-25pc/S1.csv,COAD_11/scale-25pc/S2.csv,14788.4,"(12410, 8043)",training
COAD_11/scale-25pc/S1.jpg,COAD_11/scale-25pc/S5.jpg,COAD_11/scale-25pc/S1.csv,COAD_11/scale-25pc/S5.csv,14788.4,"(12410, 8043)",training
COAD_11/scale-25pc/S1.jpg,COAD_11/scale-25pc/S6.jpg,COAD_11/scale-25pc/S1.csv,COAD_11/scale-25pc/S6.csv,14788.4,"(12410, 8043)",training
COAD_11/scale-25pc/S2.jpg,COAD_11/scale-25pc/S5.jpg,COAD_11/scale-25pc/S2.csv,COAD_11/scale-25pc/S5.csv,15824.0,"(12615, 9553)",training
COAD_11/scale-25pc/S2.jpg,COAD_11/scale-25pc/S6.jpg,COAD_11/scale-25pc/S2.csv,COAD_11/scale-25pc/S6.csv,15824.0,"(12615, 9553)",training
COAD_11/scale-25pc/S5.jpg,COAD_11/scale-25pc/S6.jpg,COAD_11/scale-25pc/S5.csv,COAD_11/scale-25pc/S6.csv,16037.2,"(13254, 9029)",training
COAD_12/scale-25pc/S1.jpg,COAD_12/scale-25pc/S2.jpg,COAD_12/scale-25pc/S1.csv,COAD_12/scale-25pc/S2.csv,13849.2,"(10200, 9368)",training
COAD_12/scale-25pc/S1.jpg,COAD_12/scale-25pc/S5.jpg,COAD_12/scale-25pc/S1.csv,COAD_12/scale-25pc/S5.csv,13849.2,"(10200, 9368)",training
COAD_12/scale-25pc/S1.jpg,COAD_12/scale-25pc/S6.jpg,COAD_12/scale-25pc/S1.csv,COAD_12/scale-25pc/S6.csv,13849.2,"(10200, 9368)",training
COAD_12/scale-25pc/S2.jpg,COAD_12/scale-25pc/S5.jpg,COAD_12/scale-25pc/S2.csv,COAD_12/scale-25pc/S5.csv,13751.1,"(10734, 8595)",training
COAD_12/scale-25pc/S2.jpg,COAD_12/scale-25pc/S6.jpg,COAD_12/scale-25pc/S2.csv,COAD_12/scale-25pc/S6.csv,13751.1,"(10734, 8595)",training
COAD_12/scale-25pc/S5.jpg,COAD_12/scale-25pc/S6.jpg,COAD_12/scale-25pc/S5.csv,COAD_12/scale-25pc/S6.csv,14347.3,"(11175, 8998)",training
COAD_13/scale-25pc/S2.jpg,COAD_13/scale-25pc/S5.jpg,COAD_13/scale-25pc/S2.csv,COAD_13/scale-25pc/S5.csv,14536.9,"(11698, 8630)",training
COAD_13/scale-25pc/S2.jpg,COAD_13/scale-25pc/S7.jpg,COAD_13/scale-25pc/S2.csv,COAD_13/scale-25pc/S7.csv,14536.9,"(11698, 8630)",training
COAD_13/scale-25pc/S5.jpg,COAD_13/scale-25pc/S7.jpg,COAD_13/scale-25pc/S5.csv,COAD_13/scale-25pc/S7.csv,14836.0,"(13018, 7116)",training
COAD_14/scale-25pc/S3.jpg,COAD_14/scale-25pc/S5.jpg,COAD_14/scale-25pc/S3.csv,COAD_14/scale-25pc/S5.csv,19139.0,"(15485, 11248)",training
COAD_15/scale-25pc/S2.jpg,COAD_15/scale-25pc/S5.jpg,COAD_15/scale-25pc/S2.csv,COAD_15/scale-25pc/S5.csv,16857.4,"(12556, 11248)",training
COAD_16/scale-25pc/S5.jpg,COAD_16/scale-25pc/S6.jpg,COAD_16/scale-25pc/S5.csv,COAD_16/scale-25pc/S6.csv,17366.5,"(15083, 8608)",training
COAD_17/scale-25pc/S1.jpg,COAD_17/scale-25pc/S2.jpg,COAD_17/scale-25pc/S1.csv,COAD_17/scale-25pc/S2.csv,15882.9,"(13254, 8752)",training
COAD_17/scale-25pc/S1.jpg,COAD_17/scale-25pc/S5.jpg,COAD_17/scale-25pc/S1.csv,COAD_17/scale-25pc/S5.csv,15882.9,"(13254, 8752)",training
COAD_17/scale-25pc/S1.jpg,COAD_17/scale-25pc/S6.jpg,COAD_17/scale-25pc/S1.csv,COAD_17/scale-25pc/S6.csv,15882.9,"(13254, 8752)",training
COAD_17/scale-25pc/S2.jpg,COAD_17/scale-25pc/S5.jpg,COAD_17/scale-25pc/S2.csv,COAD_17/scale-25pc/S5.csv,16493.1,"(13412, 9599)",training
COAD_17/scale-25pc/S2.jpg,COAD_17/scale-25pc/S6.jpg,COAD_17/scale-25pc/S2.csv,COAD_17/scale-25pc/S6.csv,16493.1,"(13412, 9599)",training
COAD_17/scale-25pc/S5.jpg,COAD_17/scale-25pc/S6.jpg,COAD_17/scale-25pc/S5.csv,COAD_17/scale-25pc/S6.csv,15095.1,"(13124, 7458)",training
COAD_18/scale-25pc/S2.jpg,COAD_18/scale-25pc/S5.jpg,COAD_18/scale-25pc/S2.csv,COAD_18/scale-25pc/S5.csv,9580.4,"(7229, 6287)",training
COAD_18/scale-25pc/S2.jpg,COAD_18/scale-25pc/S7.jpg,COAD_18/scale-25pc/S2.csv,COAD_18/scale-25pc/S7.csv,9580.4,"(7229, 6287)",training
COAD_18/scale-25pc/S5.jpg,COAD_18/scale-25pc/S7.jpg,COAD_18/scale-25pc/S5.csv,COAD_18/scale-25pc/S7.csv,9766.2,"(7342, 6440)",training
COAD_19/scale-25pc/S1.jpg,COAD_19/scale-25pc/S3.jpg,COAD_19/scale-25pc/S1.csv,COAD_19/scale-25pc/S3.csv,15730.5,"(10417, 11787)",training
COAD_19/scale-25pc/S1.jpg,COAD_19/scale-25pc/S5.jpg,COAD_19/scale-25pc/S1.csv,COAD_19/scale-25pc/S5.csv,15730.5,"(10417, 11787)",training
COAD_19/scale-25pc/S1.jpg,COAD_19/scale-25pc/S6.jpg,COAD_19/scale-25pc/S1.csv,COAD_19/scale-25pc/S6.csv,15730.5,"(10417, 11787)",training
COAD_19/scale-25pc/S1.jpg,COAD_19/scale-25pc/S8.jpg,COAD_19/scale-25pc/S1.csv,COAD_19/scale-25pc/S8.csv,15730.5,"(10417, 11787)",training
COAD_19/scale-25pc/S3.jpg,COAD_19/scale-25pc/S5.jpg,COAD_19/scale-25pc/S3.csv,COAD_19/scale-25pc/S5.csv,16147.2,"(11214, 11618)",training
COAD_19/scale-25pc/S3.jpg,COAD_19/scale-25pc/S6.jpg,COAD_19/scale-25pc/S3.csv,COAD_19/scale-25pc/S6.csv,16147.2,"(11214, 11618)",training
COAD_19/scale-25pc/S3.jpg,COAD_19/scale-25pc/S8.jpg,COAD_19/scale-25pc/S3.csv,COAD_19/scale-25pc/S8.csv,16147.2,"(11214, 11618)",training
COAD_19/scale-25pc/S5.jpg,COAD_19/scale-25pc/S6.jpg,COAD_19/scale-25pc/S5.csv,COAD_19/scale-25pc/S6.csv,17302.3,"(12395, 12072)",training
COAD_19/scale-25pc/S5.jpg,COAD_19/scale-25pc/S8.jpg,COAD_19/scale-25pc/S5.csv,COAD_19/scale-25pc/S8.csv,17302.3,"(12395, 12072)",training
COAD_19/scale-25pc/S6.jpg,COAD_19/scale-25pc/S8.jpg,COAD_19/scale-25pc/S6.csv,COAD_19/scale-25pc/S8.csv,16922.3,"(12675, 11212)",training
COAD_20/scale-25pc/S2.jpg,COAD_20/scale-25pc/S5.jpg,COAD_20/scale-25pc/S2.csv,COAD_20/scale-25pc/S5.csv,14896.5,"(8840, 11990)",training
COAD_20/scale-25pc/S2.jpg,COAD_20/scale-25pc/S7.jpg,COAD_20/scale-25pc/S2.csv,COAD_20/scale-25pc/S7.csv,14896.5,"(8840, 11990)",training
COAD_20/scale-25pc/S5.jpg,COAD_20/scale-25pc/S7.jpg,COAD_20/scale-25pc/S5.csv,COAD_20/scale-25pc/S7.csv,16323.9,"(12280, 10755)",training
breast_1/scale-20pc/HE.jpg,breast_1/scale-20pc/HER2.jpg,breast_1/scale-20pc/HE.csv,breast_1/scale-20pc/HER2.csv,19720.3,"(14358, 13518)",training
breast_2/scale-20pc/HE.jpg,breast_2/scale-20pc/HER2.jpg,breast_2/scale-20pc/HE.csv,breast_2/scale-20pc/HER2.csv,17055.1,"(11735, 12376)",training
breast_3/scale-20pc/HE.jpg,breast_3/scale-20pc/HER2.jpg,breast_3/scale-20pc/HE.csv,breast_3/scale-20pc/HER2.csv,21061.0,"(11974, 17326)",training
breast_4/scale-20pc/HE.jpg,breast_4/scale-20pc/HER2.jpg,breast_4/scale-20pc/HE.csv,breast_4/scale-20pc/HER2.csv,16024.8,"(8298, 13709)",training
breast_5/scale-20pc/HE.jpg,breast_5/scale-20pc/HER2.jpg,breast_5/scale-20pc/HE.csv,breast_5/scale-20pc/HER2.csv,18028.8,"(13110, 12376)",training
gastric_1/scale-15pc/CD4.jpg,gastric_1/scale-15pc/CD68.jpg,gastric_1/scale-15pc/CD4.csv,gastric_1/scale-15pc/CD68.csv,12237.3,"(9916, 7171)",training
gastric_2/scale-15pc/CD4.jpg,gastric_2/scale-15pc/CD68.jpg,gastric_2/scale-15pc/CD4.csv,gastric_2/scale-15pc/CD68.csv,14743.2,"(10961, 9860)",training
gastric_3/scale-15pc/CD4.jpg,gastric_3/scale-15pc/CD68.jpg,gastric_3/scale-15pc/CD4.csv,gastric_3/scale-15pc/CD68.csv,16971.9,"(13367, 10458)",training
gastric_4/scale-15pc/CD4.jpg,gastric_4/scale-15pc/CD68.jpg,gastric_4/scale-15pc/CD4.csv,gastric_4/scale-15pc/CD68.csv,20685.9,"(13309, 15836)",training
gastric_5/scale-15pc/CD4.jpg,gastric_5/scale-15pc/CD68.jpg,gastric_5/scale-15pc/CD4.csv,gastric_5/scale-15pc/CD68.csv,16863.8,"(12469, 11354)",training
gastric_5/scale-15pc/CD4.jpg,gastric_5/scale-15pc/EBV.jpg,gastric_5/scale-15pc/CD4.csv,gastric_5/scale-15pc/EBV.csv,16863.8,"(12469, 11354)",training
gastric_5/scale-15pc/CD68.jpg,gastric_5/scale-15pc/EBV.jpg,gastric_5/scale-15pc/CD68.csv,gastric_5/scale-15pc/EBV.csv,16952.8,"(12589, 11354)",training
gastric_6/scale-15pc/CD4.jpg,gastric_6/scale-15pc/CD68.jpg,gastric_6/scale-15pc/CD4.csv,gastric_6/scale-15pc/CD68.csv,15845.5,"(12404, 9860)",training
gastric_6/scale-15pc/CD4.jpg,gastric_6/scale-15pc/EBV.jpg,gastric_6/scale-15pc/CD4.csv,gastric_6/scale-15pc/EBV.csv,15845.5,"(12404, 9860)",training
gastric_6/scale-15pc/CD68.jpg,gastric_6/scale-15pc/EBV.jpg,gastric_6/scale-15pc/CD68.csv,gastric_6/scale-15pc/EBV.csv,15472.6,"(11924, 9860)",training
gastric_7/scale-15pc/CD4.jpg,gastric_7/scale-15pc/CD68.jpg,gastric_7/scale-15pc/CD4.csv,gastric_7/scale-15pc/CD68.csv,20649.5,"(12100, 16733)",training
gastric_8/scale-15pc/CD4.jpg,gastric_8/scale-15pc/CD8.jpg,gastric_8/scale-15pc/CD4.csv,gastric_8/scale-15pc/CD8.csv,15894.2,"(12916, 9263)",training
gastric_9/scale-15pc/CD4.jpg,gastric_9/scale-15pc/CD68.jpg,gastric_9/scale-15pc/CD4.csv,gastric_9/scale-15pc/CD68.csv,20497.1,"(10457, 17629)",training
kidney_1/scale-25pc/MAS.jpg,kidney_1/scale-25pc/PAS.jpg,kidney_1/scale-25pc/MAS.csv,kidney_1/scale-25pc/PAS.csv,15863.2,"(14283, 6902)",training
kidney_2/scale-25pc/MAS.jpg,kidney_2/scale-25pc/PAS.jpg,kidney_2/scale-25pc/MAS.csv,kidney_2/scale-25pc/PAS.csv,14084.5,"(12766, 5950)",training
kidney_3/scale-25pc/MAS.jpg,kidney_3/scale-25pc/PAS.jpg,kidney_3/scale-25pc/MAS.csv,kidney_3/scale-25pc/PAS.csv,16150.5,"(15751, 3570)",training
kidney_4/scale-25pc/MAS.jpg,kidney_4/scale-25pc/PAS.jpg,kidney_4/scale-25pc/MAS.csv,kidney_4/scale-25pc/PAS.csv,14878.7,"(14318, 4046)",training
kidney_5/scale-25pc/MAS.jpg,kidney_5/scale-25pc/PAS.jpg,kidney_5/scale-25pc/MAS.csv,kidney_5/scale-25pc/PAS.csv,13764.0,"(13293, 3570)",training
lung-lesion_2/scale-25pc/29-041-Izd2-w35-CD31-3-les2.jpg,lung-lesion_2/scale-25pc/29-041-Izd2-w35-Cc10-5-les2.jpg,lung-lesion_2/scale-25pc/29-041-Izd2-w35-CD31-3-les2.csv,lung-lesion_2/scale-25pc/29-041-Izd2-w35-Cc10-5-les2.csv,8192.3,"(4369, 6930)",training
lung-lesion_2/scale-25pc/29-041-Izd2-w35-CD31-3-les2.jpg,lung-lesion_2/scale-25pc/29-041-Izd2-w35-He-les2.jpg,lung-lesion_2/scale-25pc/29-041-Izd2-w35-CD31-3-les2.csv,lung-lesion_2/scale-25pc/29-041-Izd2-w35-He-les2.csv,8192.3,"(4369, 6930)",training
lung-lesion_2/scale-25pc/29-041-Izd2-w35-CD31-3-les2.jpg,lung-lesion_2/scale-25pc/29-041-Izd2-w35-Ki67-7-les2.jpg,lung-lesion_2/scale-25pc/29-041-Izd2-w35-CD31-3-les2.csv,lung-lesion_2/scale-25pc/29-041-Izd2-w35-Ki67-7-les2.csv,8192.3,"(4369, 6930)",training
lung-lesion_2/scale-25pc/29-041-Izd2-w35-CD31-3-les2.jpg,lung-lesion_2/scale-25pc/29-041-Izd2-w35-proSPC-4-les2.jpg,lung-lesion_2/scale-25pc/29-041-Izd2-w35-CD31-3-les2.csv,lung-lesion_2/scale-25pc/29-041-Izd2-w35-proSPC-4-les2.csv,8192.3,"(4369, 6930)",training
lung-lesion_2/scale-25pc/29-041-Izd2-w35-Cc10-5-les2.jpg,lung-lesion_2/scale-25pc/29-041-Izd2-w35-He-les2.jpg,lung-lesion_2/scale-25pc/29-041-Izd2-w35-Cc10-5-les2.csv,lung-lesion_2/scale-25pc/29-041-Izd2-w35-He-les2.csv,8198.2,"(4388, 6925)",training
lung-lesion_2/scale-25pc/29-041-Izd2-w35-Cc10-5-les2.jpg,lung-lesion_2/scale-25pc/29-041-Izd2-w35-Ki67-7-les2.jpg,lung-lesion_2/scale-25pc/29-041-Izd2-w35-Cc10-5-les2.csv,lung-lesion_2/scale-25pc/29-041-Izd2-w35-Ki67-7-les2.csv,8198.2,"(4388, 6925)",training
lung-lesion_2/scale-25pc/29-041-Izd2-w35-Cc10-5-les2.jpg,lung-lesion_2/scale-25pc/29-041-Izd2-w35-proSPC-4-les2.jpg,lung-lesion_2/scale-25pc/29-041-Izd2-w35-Cc10-5-les2.csv,lung-lesion_2/scale-25pc/29-041-Izd2-w35-proSPC-4-les2.csv,8198.2,"(4388, 6925)",training
lung-lesion_2/scale-25pc/29-041-Izd2-w35-He-les2.jpg,lung-lesion_2/scale-25pc/29-041-Izd2-w35-Ki67-7-les2.jpg,lung-lesion_2/scale-25pc/29-041-Izd2-w35-He-les2.csv,lung-lesion_2/scale-25pc/29-041-Izd2-w35-Ki67-7-les2.csv,8200.3,"(4392, 6925)",training
lung-lesion_2/scale-25pc/29-041-Izd2-w35-He-les2.jpg,lung-lesion_2/scale-25pc/29-041-Izd2-w35-proSPC-4-les2.jpg,lung-lesion_2/scale-25pc/29-041-Izd2-w35-He-les2.csv,lung-lesion_2/scale-25pc/29-041-Izd2-w35-proSPC-4-les2.csv,8200.3,"(4392, 6925)",training
lung-lesion_2/scale-25pc/29-041-Izd2-w35-Ki67-7-les2.jpg,lung-lesion_2/scale-25pc/29-041-Izd2-w35-proSPC-4-les2.jpg,lung-lesion_2/scale-25pc/29-041-Izd2-w35-Ki67-7-les2.csv,lung-lesion_2/scale-25pc/29-041-Izd2-w35-proSPC-4-les2.csv,8200.5,"(4386, 6929)",training
lung-lesion_1/scale-50pc/29-041-Izd2-w35-CD31-3-les1.jpg,lung-lesion_1/scale-50pc/29-041-Izd2-w35-Cc10-5-les1.jpg,lung-lesion_1/scale-50pc/29-041-Izd2-w35-CD31-3-les1.csv,lung-lesion_1/scale-50pc/29-041-Izd2-w35-Cc10-5-les1.csv,11556.4,"(7351, 8917)",training
lung-lesion_1/scale-50pc/29-041-Izd2-w35-CD31-3-les1.jpg,lung-lesion_1/scale-50pc/29-041-Izd2-w35-He-les1.jpg,lung-lesion_1/scale-50pc/29-041-Izd2-w35-CD31-3-les1.csv,lung-lesion_1/scale-50pc/29-041-Izd2-w35-He-les1.csv,11556.4,"(7351, 8917)",training
lung-lesion_1/scale-50pc/29-041-Izd2-w35-CD31-3-les1.jpg,lung-lesion_1/scale-50pc/29-041-Izd2-w35-Ki67-7-les1.jpg,lung-lesion_1/scale-50pc/29-041-Izd2-w35-CD31-3-les1.csv,lung-lesion_1/scale-50pc/29-041-Izd2-w35-Ki67-7-les1.csv,11556.4,"(7351, 8917)",training
lung-lesion_1/scale-50pc/29-041-Izd2-w35-CD31-3-les1.jpg,lung-lesion_1/scale-50pc/29-041-Izd2-w35-proSPC-4-les1.jpg,lung-lesion_1/scale-50pc/29-041-Izd2-w35-CD31-3-les1.csv,lung-lesion_1/scale-50pc/29-041-Izd2-w35-proSPC-4-les1.csv,11556.4,"(7351, 8917)",training
lung-lesion_1/scale-50pc/29-041-Izd2-w35-Cc10-5-les1.jpg,lung-lesion_1/scale-50pc/29-041-Izd2-w35-He-les1.jpg,lung-lesion_1/scale-50pc/29-041-Izd2-w35-Cc10-5-les1.csv,lung-lesion_1/scale-50pc/29-041-Izd2-w35-He-les1.csv,11584.6,"(7359, 8947)",training
lung-lesion_1/scale-50pc/29-041-Izd2-w35-Cc10-5-les1.jpg,lung-lesion_1/scale-50pc/29-041-Izd2-w35-Ki67-7-les1.jpg,lung-lesion_1/scale-50pc/29-041-Izd2-w35-Cc10-5-les1.csv,lung-lesion_1/scale-50pc/29-041-Izd2-w35-Ki67-7-les1.csv,11584.6,"(7359, 8947)",training
lung-lesion_1/scale-50pc/29-041-Izd2-w35-Cc10-5-les1.jpg,lung-lesion_1/scale-50pc/29-041-Izd2-w35-proSPC-4-les1.jpg,lung-lesion_1/scale-50pc/29-041-Izd2-w35-Cc10-5-les1.csv,lung-lesion_1/scale-50pc/29-041-Izd2-w35-proSPC-4-les1.csv,11584.6,"(7359, 8947)",training
lung-lesion_1/scale-50pc/29-041-Izd2-w35-He-les1.jpg,lung-lesion_1/scale-50pc/29-041-Izd2-w35-Ki67-7-les1.jpg,lung-lesion_1/scale-50pc/29-041-Izd2-w35-He-les1.csv,lung-lesion_1/scale-50pc/29-041-Izd2-w35-Ki67-7-les1.csv,11527.9,"(7328, 8899)",training
lung-lesion_1/scale-50pc/29-041-Izd2-w35-He-les1.jpg,lung-lesion_1/scale-50pc/29-041-Izd2-w35-proSPC-4-les1.jpg,lung-lesion_1/scale-50pc/29-041-Izd2-w35-He-les1.csv,lung-lesion_1/scale-50pc/29-041-Izd2-w35-proSPC-4-les1.csv,11527.9,"(7328, 8899)",training
lung-lesion_1/scale-50pc/29-041-Izd2-w35-Ki67-7-les1.jpg,lung-lesion_1/scale-50pc/29-041-Izd2-w35-proSPC-4-les1.jpg,lung-lesion_1/scale-50pc/29-041-Izd2-w35-Ki67-7-les1.csv,lung-lesion_1/scale-50pc/29-041-Izd2-w35-proSPC-4-les1.csv,11545.3,"(7336, 8915)",training
lung-lesion_3/scale-50pc/29-041-Izd2-w35-CD31-3-les3.jpg,lung-lesion_3/scale-50pc/29-041-Izd2-w35-Cc10-5-les3.jpg,lung-lesion_3/scale-50pc/29-041-Izd2-w35-CD31-3-les3.csv,lung-lesion_3/scale-50pc/29-041-Izd2-w35-Cc10-5-les3.csv,11119.9,"(6602, 8948)",training
lung-lesion_3/scale-50pc/29-041-Izd2-w35-CD31-3-les3.jpg,lung-lesion_3/scale-50pc/29-041-Izd2-w35-He-les3.jpg,lung-lesion_3/scale-50pc/29-041-Izd2-w35-CD31-3-les3.csv,lung-lesion_3/scale-50pc/29-041-Izd2-w35-He-les3.csv,11119.9,"(6602, 8948)",training
lung-lesion_3/scale-50pc/29-041-Izd2-w35-CD31-3-les3.jpg,lung-lesion_3/scale-50pc/29-041-Izd2-w35-Ki67-7-les3.jpg,lung-lesion_3/scale-50pc/29-041-Izd2-w35-CD31-3-les3.csv,lung-lesion_3/scale-50pc/29-041-Izd2-w35-Ki67-7-les3.csv,11119.9,"(6602, 8948)",training
lung-lesion_3/scale-50pc/29-041-Izd2-w35-CD31-3-les3.jpg,lung-lesion_3/scale-50pc/29-041-Izd2-w35-proSPC-4-les3.jpg,lung-lesion_3/scale-50pc/29-041-Izd2-w35-CD31-3-les3.csv,lung-lesion_3/scale-50pc/29-041-Izd2-w35-proSPC-4-les3.csv,11119.9,"(6602, 8948)",training
lung-lesion_3/scale-50pc/29-041-Izd2-w35-Cc10-5-les3.jpg,lung-lesion_3/scale-50pc/29-041-Izd2-w35-He-les3.jpg,lung-lesion_3/scale-50pc/29-041-Izd2-w35-Cc10-5-les3.csv,lung-lesion_3/scale-50pc/29-041-Izd2-w35-He-les3.csv,11107.6,"(6615, 8923)",training
lung-lesion_3/scale-50pc/29-041-Izd2-w35-Cc10-5-les3.jpg,lung-lesion_3/scale-50pc/29-041-Izd2-w35-Ki67-7-les3.jpg,lung-lesion_3/scale-50pc/29-041-Izd2-w35-Cc10-5-les3.csv,lung-lesion_3/scale-50pc/29-041-Izd2-w35-Ki67-7-les3.csv,11107.6,"(6615, 8923)",training
lung-lesion_3/scale-50pc/29-041-Izd2-w35-Cc10-5-les3.jpg,lung-lesion_3/scale-50pc/29-041-Izd2-w35-proSPC-4-les3.jpg,lung-lesion_3/scale-50pc/29-041-Izd2-w35-Cc10-5-les3.csv,lung-lesion_3/scale-50pc/29-041-Izd2-w35-proSPC-4-les3.csv,11107.6,"(6615, 8923)",training
lung-lesion_3/scale-50pc/29-041-Izd2-w35-He-les3.jpg,lung-lesion_3/scale-50pc/29-041-Izd2-w35-Ki67-7-les3.jpg,lung-lesion_3/scale-50pc/29-041-Izd2-w35-He-les3.csv,lung-lesion_3/scale-50pc/29-041-Izd2-w35-Ki67-7-les3.csv,11101.4,"(6610, 8919)",training
lung-lesion_3/scale-50pc/29-041-Izd2-w35-He-les3.jpg,lung-lesion_3/scale-50pc/29-041-Izd2-w35-proSPC-4-les3.jpg,lung-lesion_3/scale-50pc/29-041-Izd2-w35-He-les3.csv,lung-lesion_3/scale-50pc/29-041-Izd2-w35-proSPC-4-les3.csv,11101.4,"(6610, 8919)",training
lung-lesion_3/scale-50pc/29-041-Izd2-w35-Ki67-7-les3.jpg,lung-lesion_3/scale-50pc/29-041-Izd2-w35-proSPC-4-les3.jpg,lung-lesion_3/scale-50pc/29-041-Izd2-w35-Ki67-7-les3.csv,lung-lesion_3/scale-50pc/29-041-Izd2-w35-proSPC-4-les3.csv,11096.1,"(6597, 8922)",training
lung-lobes_1/scale-100pc/29-039-U-35W-Izd1-1-HE.png,lung-lobes_1/scale-100pc/29-039-U-35W-Izd1-2-cd31.png,lung-lobes_1/scale-100pc/29-039-U-35W-Izd1-1-HE.csv,lung-lobes_1/scale-100pc/29-039-U-35W-Izd1-2-cd31.csv,13546.8,"(11692, 6842)",training
lung-lobes_1/scale-100pc/29-039-U-35W-Izd1-1-HE.png,lung-lobes_1/scale-100pc/29-039-U-35W-Izd1-3-Pro-SPC.png,lung-lobes_1/scale-100pc/29-039-U-35W-Izd1-1-HE.csv,lung-lobes_1/scale-100pc/29-039-U-35W-Izd1-3-Pro-SPC.csv,13546.8,"(11692, 6842)",training
lung-lobes_1/scale-100pc/29-039-U-35W-Izd1-1-HE.png,lung-lobes_1/scale-100pc/29-039-U-35W-Izd1-4-cc10.png,lung-lobes_1/scale-100pc/29-039-U-35W-Izd1-1-HE.csv,lung-lobes_1/scale-100pc/29-039-U-35W-Izd1-4-cc10.csv,13546.8,"(11692, 6842)",training
lung-lobes_1/scale-100pc/29-039-U-35W-Izd1-1-HE.png,lung-lobes_1/scale-100pc/29-039-U-35W-Izd1-6-ki67.png,lung-lobes_1/scale-100pc/29-039-U-35W-Izd1-1-HE.csv,lung-lobes_1/scale-100pc/29-039-U-35W-Izd1-6-ki67.csv,13546.8,"(11692, 6842)",training
lung-lobes_1/scale-100pc/29-039-U-35W-Izd1-2-cd31.png,lung-lobes_1/scale-100pc/29-039-U-35W-Izd1-3-Pro-SPC.png,lung-lobes_1/scale-100pc/29-039-U-35W-Izd1-2-cd31.csv,lung-lobes_1/scale-100pc/29-039-U-35W-Izd1-3-Pro-SPC.csv,10895.6,"(9631, 5095)",training
lung-lobes_1/scale-100pc/29-039-U-35W-Izd1-2-cd31.png,lung-lobes_1/scale-100pc/29-039-U-35W-Izd1-4-cc10.png,lung-lobes_1/scale-100pc/29-039-U-35W-Izd1-2-cd31.csv,lung-lobes_1/scale-100pc/29-039-U-35W-Izd1-4-cc10.csv,10895.6,"(9631, 5095)",training
lung-lobes_1/scale-100pc/29-039-U-35W-Izd1-2-cd31.png,lung-lobes_1/scale-100pc/29-039-U-35W-Izd1-6-ki67.png,lung-lobes_1/scale-100pc/29-039-U-35W-Izd1-2-cd31.csv,lung-lobes_1/scale-100pc/29-039-U-35W-Izd1-6-ki67.csv,10895.6,"(9631, 5095)",training
lung-lobes_1/scale-100pc/29-039-U-35W-Izd1-3-Pro-SPC.png,lung-lobes_1/scale-100pc/29-039-U-35W-Izd1-4-cc10.png,lung-lobes_1/scale-100pc/29-039-U-35W-Izd1-3-Pro-SPC.csv,lung-lobes_1/scale-100pc/29-039-U-35W-Izd1-4-cc10.csv,11137.0,"(9776, 5335)",training
lung-lobes_1/scale-100pc/29-039-U-35W-Izd1-3-Pro-SPC.png,lung-lobes_1/scale-100pc/29-039-U-35W-Izd1-6-ki67.png,lung-lobes_1/scale-100pc/29-039-U-35W-Izd1-3-Pro-SPC.csv,lung-lobes_1/scale-100pc/29-039-U-35W-Izd1-6-ki67.csv,11137.0,"(9776, 5335)",training
lung-lobes_1/scale-100pc/29-039-U-35W-Izd1-4-cc10.png,lung-lobes_1/scale-100pc/29-039-U-35W-Izd1-6-ki67.png,lung-lobes_1/scale-100pc/29-039-U-35W-Izd1-4-cc10.csv,lung-lobes_1/scale-100pc/29-039-U-35W-Izd1-6-ki67.csv,11555.2,"(10047, 5708)",training
lung-lobes_2/scale-100pc/29-039-U-35W-Izd2-1-HE.png,lung-lobes_2/scale-100pc/29-039-U-35W-Izd2-2-cd31.png,lung-lobes_2/scale-100pc/29-039-U-35W-Izd2-1-HE.csv,lung-lobes_2/scale-100pc/29-039-U-35W-Izd2-2-cd31.csv,13701.5,"(12000, 6613)",training
lung-lobes_2/scale-100pc/29-039-U-35W-Izd2-1-HE.png,lung-lobes_2/scale-100pc/29-039-U-35W-Izd2-3-Pro-SPC.png,lung-lobes_2/scale-100pc/29-039-U-35W-Izd2-1-HE.csv,lung-lobes_2/scale-100pc/29-039-U-35W-Izd2-3-Pro-SPC.csv,13701.5,"(12000, 6613)",training
lung-lobes_2/scale-100pc/29-039-U-35W-Izd2-1-HE.png,lung-lobes_2/scale-100pc/29-039-U-35W-Izd2-4-cc10.png,lung-lobes_2/scale-100pc/29-039-U-35W-Izd2-1-HE.csv,lung-lobes_2/scale-100pc/29-039-U-35W-Izd2-4-cc10.csv,13701.5,"(12000, 6613)",training
lung-lobes_2/scale-100pc/29-039-U-35W-Izd2-1-HE.png,lung-lobes_2/scale-100pc/29-039-U-35W-Izd2-6-ki67.png,lung-lobes_2/scale-100pc/29-039-U-35W-Izd2-1-HE.csv,lung-lobes_2/scale-100pc/29-039-U-35W-Izd2-6-ki67.csv,13701.5,"(12000, 6613)",training
lung-lobes_2/scale-100pc/29-039-U-35W-Izd2-2-cd31.png,lung-lobes_2/scale-100pc/29-039-U-35W-Izd2-3-Pro-SPC.png,lung-lobes_2/scale-100pc/29-039-U-35W-Izd2-2-cd31.csv,lung-lobes_2/scale-100pc/29-039-U-35W-Izd2-3-Pro-SPC.csv,13035.2,"(11375, 6366)",training
lung-lobes_2/scale-100pc/29-039-U-35W-Izd2-2-cd31.png,lung-lobes_2/scale-100pc/29-039-U-35W-Izd2-4-cc10.png,lung-lobes_2/scale-100pc/29-039-U-35W-Izd2-2-cd31.csv,lung-lobes_2/scale-100pc/29-039-U-35W-Izd2-4-cc10.csv,13035.2,"(11375, 6366)",training
lung-lobes_2/scale-100pc/29-039-U-35W-Izd2-2-cd31.png,lung-lobes_2/scale-100pc/29-039-U-35W-Izd2-6-ki67.png,lung-lobes_2/scale-100pc/29-039-U-35W-Izd2-2-cd31.csv,lung-lobes_2/scale-100pc/29-039-U-35W-Izd2-6-ki67.csv,13035.2,"(11375, 6366)",training
lung-lobes_2/scale-100pc/29-039-U-35W-Izd2-3-Pro-SPC.png,lung-lobes_2/scale-100pc/29-039-U-35W-Izd2-4-cc10.png,lung-lobes_2/scale-100pc/29-039-U-35W-Izd2-3-Pro-SPC.csv,lung-lobes_2/scale-100pc/29-039-U-35W-Izd2-4-cc10.csv,13190.4,"(11432, 6580)",training
lung-lobes_2/scale-100pc/29-039-U-35W-Izd2-3-Pro-SPC.png,lung-lobes_2/scale-100pc/29-039-U-35W-Izd2-6-ki67.png,lung-lobes_2/scale-100pc/29-039-U-35W-Izd2-3-Pro-SPC.csv,lung-lobes_2/scale-100pc/29-039-U-35W-Izd2-6-ki67.csv,13190.4,"(11432, 6580)",training
lung-lobes_2/scale-100pc/29-039-U-35W-Izd2-4-cc10.png,lung-lobes_2/scale-100pc/29-039-U-35W-Izd2-6-ki67.png,lung-lobes_2/scale-100pc/29-039-U-35W-Izd2-4-cc10.csv,lung-lobes_2/scale-100pc/29-039-U-35W-Izd2-6-ki67.csv,13305.5,"(11905, 5942)",training
lung-lobes_3/scale-100pc/29-040-U-35W-Izd1-1-HE.png,lung-lobes_3/scale-100pc/29-040-U-35W-Izd1-2-cd31.png,lung-lobes_3/scale-100pc/29-040-U-35W-Izd1-1-HE.csv,lung-lobes_3/scale-100pc/29-040-U-35W-Izd1-2-cd31.csv,12378.0,"(10987, 5701)",training
lung-lobes_3/scale-100pc/29-040-U-35W-Izd1-1-HE.png,lung-lobes_3/scale-100pc/29-040-U-35W-Izd1-3-Pro-SPC.png,lung-lobes_3/scale-100pc/29-040-U-35W-Izd1-1-HE.csv,lung-lobes_3/scale-100pc/29-040-U-35W-Izd1-3-Pro-SPC.csv,12378.0,"(10987, 5701)",training
lung-lobes_3/scale-100pc/29-040-U-35W-Izd1-1-HE.png,lung-lobes_3/scale-100pc/29-040-U-35W-Izd1-4-cc10.png,lung-lobes_3/scale-100pc/29-040-U-35W-Izd1-1-HE.csv,lung-lobes_3/scale-100pc/29-040-U-35W-Izd1-4-cc10.csv,12378.0,"(10987, 5701)",training
lung-lobes_3/scale-100pc/29-040-U-35W-Izd1-1-HE.png,lung-lobes_3/scale-100pc/29-040-U-35W-Izd1-6-ki67.png,lung-lobes_3/scale-100pc/29-040-U-35W-Izd1-1-HE.csv,lung-lobes_3/scale-100pc/29-040-U-35W-Izd1-6-ki67.csv,12378.0,"(10987, 5701)",training
lung-lobes_3/scale-100pc/29-040-U-35W-Izd1-2-cd31.png,lung-lobes_3/scale-100pc/29-040-U-35W-Izd1-3-Pro-SPC.png,lung-lobes_3/scale-100pc/29-040-U-35W-Izd1-2-cd31.csv,lung-lobes_3/scale-100pc/29-040-U-35W-Izd1-3-Pro-SPC.csv,12692.2,"(11429, 5520)",training
lung-lobes_3/scale-100pc/29-040-U-35W-Izd1-2-cd31.png,lung-lobes_3/scale-100pc/29-040-U-35W-Izd1-4-cc10.png,lung-lobes_3/scale-100pc/29-040-U-35W-Izd1-2-cd31.csv,lung-lobes_3/scale-100pc/29-040-U-35W-Izd1-4-cc10.csv,12692.2,"(11429, 5520)",training
lung-lobes_3/scale-100pc/29-040-U-35W-Izd1-2-cd31.png,lung-lobes_3/scale-100pc/29-040-U-35W-Izd1-6-ki67.png,lung-lobes_3/scale-100pc/29-040-U-35W-Izd1-2-cd31.csv,lung-lobes_3/scale-100pc/29-040-U-35W-Izd1-6-ki67.csv,12692.2,"(11429, 5520)",training
lung-lobes_3/scale-100pc/29-040-U-35W-Izd1-3-Pro-SPC.png,lung-lobes_3/scale-100pc/29-040-U-35W-Izd1-4-cc10.png,lung-lobes_3/scale-100pc/29-040-U-35W-Izd1-3-Pro-SPC.csv,lung-lobes_3/scale-100pc/29-040-U-35W-Izd1-4-cc10.csv,12101.0,"(10639, 5766)",training
lung-lobes_3/scale-100pc/29-040-U-35W-Izd1-3-Pro-SPC.png,lung-lobes_3/scale-100pc/29-040-U-35W-Izd1-6-ki67.png,lung-lobes_3/scale-100pc/29-040-U-35W-Izd1-3-Pro-SPC.csv,lung-lobes_3/scale-100pc/29-040-U-35W-Izd1-6-ki67.csv,12101.0,"(10639, 5766)",training
lung-lobes_3/scale-100pc/29-040-U-35W-Izd1-4-cc10.png,lung-lobes_3/scale-100pc/29-040-U-35W-Izd1-6-ki67.png,lung-lobes_3/scale-100pc/29-040-U-35W-Izd1-4-cc10.csv,lung-lobes_3/scale-100pc/29-040-U-35W-Izd1-6-ki67.csv,12452.3,"(11084, 5675)",training
lung-lobes_4/scale-100pc/29-040-U-35W-Izd2-1-HE.png,lung-lobes_4/scale-100pc/29-040-U-35W-Izd2-2-cd31.png,lung-lobes_4/scale-100pc/29-040-U-35W-Izd2-1-HE.csv,lung-lobes_4/scale-100pc/29-040-U-35W-Izd2-2-cd31.csv,12711.8,"(11426, 5571)",training
lung-lobes_4/scale-100pc/29-040-U-35W-Izd2-1-HE.png,lung-lobes_4/scale-100pc/29-040-U-35W-Izd2-3-Pro-SPC.png,lung-lobes_4/scale-100pc/29-040-U-35W-Izd2-1-HE.csv,lung-lobes_4/scale-100pc/29-040-U-35W-Izd2-3-Pro-SPC.csv,12711.8,"(11426, 5571)",training
lung-lobes_4/scale-100pc/29-040-U-35W-Izd2-1-HE.png,lung-lobes_4/scale-100pc/29-040-U-35W-Izd2-4-cc10.png,lung-lobes_4/scale-100pc/29-040-U-35W-Izd2-1-HE.csv,lung-lobes_4/scale-100pc/29-040-U-35W-Izd2-4-cc10.csv,12711.8,"(11426, 5571)",training
lung-lobes_4/scale-100pc/29-040-U-35W-Izd2-1-HE.png,lung-lobes_4/scale-100pc/29-040-U-35W-Izd2-6-ki67.png,lung-lobes_4/scale-100pc/29-040-U-35W-Izd2-1-HE.csv,lung-lobes_4/scale-100pc/29-040-U-35W-Izd2-6-ki67.csv,12711.8,"(11426, 5571)",training
lung-lobes_4/scale-100pc/29-040-U-35W-Izd2-2-cd31.png,lung-lobes_4/scale-100pc/29-040-U-35W-Izd2-3-Pro-SPC.png,lung-lobes_4/scale-100pc/29-040-U-35W-Izd2-2-cd31.csv,lung-lobes_4/scale-100pc/29-040-U-35W-Izd2-3-Pro-SPC.csv,12655.8,"(11426, 5442)",training
lung-lobes_4/scale-100pc/29-040-U-35W-Izd2-2-cd31.png,lung-lobes_4/scale-100pc/29-040-U-35W-Izd2-4-cc10.png,lung-lobes_4/scale-100pc/29-040-U-35W-Izd2-2-cd31.csv,lung-lobes_4/scale-100pc/29-040-U-35W-Izd2-4-cc10.csv,12655.8,"(11426, 5442)",training
lung-lobes_4/scale-100pc/29-040-U-35W-Izd2-2-cd31.png,lung-lobes_4/scale-100pc/29-040-U-35W-Izd2-6-ki67.png,lung-lobes_4/scale-100pc/29-040-U-35W-Izd2-2-cd31.csv,lung-lobes_4/scale-100pc/29-040-U-35W-Izd2-6-ki67.csv,12655.8,"(11426, 5442)",training
lung-lobes_4/scale-100pc/29-040-U-35W-Izd2-3-Pro-SPC.png,lung-lobes_4/scale-100pc/29-040-U-35W-Izd2-4-cc10.png,lung-lobes_4/scale-100pc/29-040-U-35W-Izd2-3-Pro-SPC.csv,lung-lobes_4/scale-100pc/29-040-U-35W-Izd2-4-cc10.csv,12417.0,"(11084, 5597)",training
lung-lobes_4/scale-100pc/29-040-U-35W-Izd2-3-Pro-SPC.png,lung-lobes_4/scale-100pc/29-040-U-35W-Izd2-6-ki67.png,lung-lobes_4/scale-100pc/29-040-U-35W-Izd2-3-Pro-SPC.csv,lung-lobes_4/scale-100pc/29-040-U-35W-Izd2-6-ki67.csv,12417.0,"(11084, 5597)",training
lung-lobes_4/scale-100pc/29-040-U-35W-Izd2-4-cc10.png,lung-lobes_4/scale-100pc/29-040-U-35W-Izd2-6-ki67.png,lung-lobes_4/scale-100pc/29-040-U-35W-Izd2-4-cc10.csv,lung-lobes_4/scale-100pc/29-040-U-35W-Izd2-6-ki67.csv,12760.4,"(11429, 5675)",training
mammary-gland_1/scale-25pc/s1-39-HE_A4926-4L.jpg,mammary-gland_1/scale-25pc/s1_36-CNEU_A4926-4L.jpg,mammary-gland_1/scale-25pc/s1-39-HE_A4926-4L.csv,mammary-gland_1/scale-25pc/s1_36-CNEU_A4926-4L.csv,9392.0,"(2946, 8918)",training
mammary-gland_1/scale-25pc/s1-39-HE_A4926-4L.jpg,mammary-gland_1/scale-25pc/s1_37-HE_A4926-4L.jpg,mammary-gland_1/scale-25pc/s1-39-HE_A4926-4L.csv,mammary-gland_1/scale-25pc/s1_37-HE_A4926-4L.csv,9392.0,"(2946, 8918)",training
mammary-gland_1/scale-25pc/s1-39-HE_A4926-4L.jpg,mammary-gland_1/scale-25pc/s1_38-ER-A4962-4L.jpg,mammary-gland_1/scale-25pc/s1-39-HE_A4926-4L.csv,mammary-gland_1/scale-25pc/s1_38-ER-A4962-4L.csv,9392.0,"(2946, 8918)",training
mammary-gland_1/scale-25pc/s1-39-HE_A4926-4L.jpg,mammary-gland_1/scale-25pc/s1_40-PR_A4926-4L.jpg,mammary-gland_1/scale-25pc/s1-39-HE_A4926-4L.csv,mammary-gland_1/scale-25pc/s1_40-PR_A4926-4L.csv,9392.0,"(2946, 8918)",training
mammary-gland_1/scale-25pc/s1_36-CNEU_A4926-4L.jpg,mammary-gland_1/scale-25pc/s1_37-HE_A4926-4L.jpg,mammary-gland_1/scale-25pc/s1_36-CNEU_A4926-4L.csv,mammary-gland_1/scale-25pc/s1_37-HE_A4926-4L.csv,8810.2,"(2580, 8424)",training
mammary-gland_1/scale-25pc/s1_36-CNEU_A4926-4L.jpg,mammary-gland_1/scale-25pc/s1_38-ER-A4962-4L.jpg,mammary-gland_1/scale-25pc/s1_36-CNEU_A4926-4L.csv,mammary-gland_1/scale-25pc/s1_38-ER-A4962-4L.csv,8810.2,"(2580, 8424)",training
mammary-gland_1/scale-25pc/s1_36-CNEU_A4926-4L.jpg,mammary-gland_1/scale-25pc/s1_40-PR_A4926-4L.jpg,mammary-gland_1/scale-25pc/s1_36-CNEU_A4926-4L.csv,mammary-gland_1/scale-25pc/s1_40-PR_A4926-4L.csv,8810.2,"(2580, 8424)",training
mammary-gland_1/scale-25pc/s1_37-HE_A4926-4L.jpg,mammary-gland_1/scale-25pc/s1_38-ER-A4962-4L.jpg,mammary-gland_1/scale-25pc/s1_37-HE_A4926-4L.csv,mammary-gland_1/scale-25pc/s1_38-ER-A4962-4L.csv,9283.7,"(2580, 8918)",training
mammary-gland_1/scale-25pc/s1_37-HE_A4926-4L.jpg,mammary-gland_1/scale-25pc/s1_40-PR_A4926-4L.jpg,mammary-gland_1/scale-25pc/s1_37-HE_A4926-4L.csv,mammary-gland_1/scale-25pc/s1_40-PR_A4926-4L.csv,9283.7,"(2580, 8918)",training
mammary-gland_1/scale-25pc/s1_38-ER-A4962-4L.jpg,mammary-gland_1/scale-25pc/s1_40-PR_A4926-4L.jpg,mammary-gland_1/scale-25pc/s1_38-ER-A4962-4L.csv,mammary-gland_1/scale-25pc/s1_40-PR_A4926-4L.csv,9186.4,"(2192, 8921)",training
mammary-gland_2/scale-25pc/s2_61-HE_A4926-4L.jpg,mammary-gland_2/scale-25pc/s2_62-ER_A4926-4L.jpg,mammary-gland_2/scale-25pc/s2_61-HE_A4926-4L.csv,mammary-gland_2/scale-25pc/s2_62-ER_A4926-4L.csv,9862.3,"(2946, 9412)",training
mammary-gland_2/scale-25pc/s2_61-HE_A4926-4L.jpg,mammary-gland_2/scale-25pc/s2_63-HE_A4926-4L.jpg,mammary-gland_2/scale-25pc/s2_61-HE_A4926-4L.csv,mammary-gland_2/scale-25pc/s2_63-HE_A4926-4L.csv,9862.3,"(2946, 9412)",training
mammary-gland_2/scale-25pc/s2_61-HE_A4926-4L.jpg,mammary-gland_2/scale-25pc/s2_64-PR_A4926-4L.jpg,mammary-gland_2/scale-25pc/s2_61-HE_A4926-4L.csv,mammary-gland_2/scale-25pc/s2_64-PR_A4926-4L.csv,9862.3,"(2946, 9412)",training
mammary-gland_2/scale-25pc/s2_61-HE_A4926-4L.jpg,mammary-gland_2/scale-25pc/s2_66-CNEU_A4926-4L.jpg,mammary-gland_2/scale-25pc/s2_61-HE_A4926-4L.csv,mammary-gland_2/scale-25pc/s2_66-CNEU_A4926-4L.csv,9862.3,"(2946, 9412)",training
mammary-gland_2/scale-25pc/s2_61-HE_A4926-4L.jpg,mammary-gland_2/scale-25pc/s2_67-HE_A4926-4L.jpg,mammary-gland_2/scale-25pc/s2_61-HE_A4926-4L.csv,mammary-gland_2/scale-25pc/s2_67-HE_A4926-4L.csv,9862.3,"(2946, 9412)",training
mammary-gland_2/scale-25pc/s2_61-HE_A4926-4L.jpg,mammary-gland_2/scale-25pc/s2_68-ER-A4962-4L.jpg,mammary-gland_2/scale-25pc/s2_61-HE_A4926-4L.csv,mammary-gland_2/scale-25pc/s2_68-ER-A4962-4L.csv,9862.3,"(2946, 9412)",training
mammary-gland_2/scale-25pc/s2_61-HE_A4926-4L.jpg,mammary-gland_2/scale-25pc/s2_70-PR_A4926-4L.jpg,mammary-gland_2/scale-25pc/s2_61-HE_A4926-4L.csv,mammary-gland_2/scale-25pc/s2_70-PR_A4926-4L.csv,9862.3,"(2946, 9412)",training
mammary-gland_2/scale-25pc/s2_62-ER_A4926-4L.jpg,mammary-gland_2/scale-25pc/s2_63-HE_A4926-4L.jpg,mammary-gland_2/scale-25pc/s2_62-ER_A4926-4L.csv,mammary-gland_2/scale-25pc/s2_63-HE_A4926-4L.csv,8313.5,"(2233, 8008)",training
mammary-gland_2/scale-25pc/s2_62-ER_A4926-4L.jpg,mammary-gland_2/scale-25pc/s2_64-PR_A4926-4L.jpg,mammary-gland_2/scale-25pc/s2_62-ER_A4926-4L.csv,mammary-gland_2/scale-25pc/s2_64-PR_A4926-4L.csv,8313.5,"(2233, 8008)",training
mammary-gland_2/scale-25pc/s2_62-ER_A4926-4L.jpg,mammary-gland_2/scale-25pc/s2_66-CNEU_A4926-4L.jpg,mammary-gland_2/scale-25pc/s2_62-ER_A4926-4L.csv,mammary-gland_2/scale-25pc/s2_66-CNEU_A4926-4L.csv,8313.5,"(2233, 8008)",training
mammary-gland_2/scale-25pc/s2_62-ER_A4926-4L.jpg,mammary-gland_2/scale-25pc/s2_67-HE_A4926-4L.jpg,mammary-gland_2/scale-25pc/s2_62-ER_A4926-4L.csv,mammary-gland_2/scale-25pc/s2_67-HE_A4926-4L.csv,8313.5,"(2233, 8008)",training
mammary-gland_2/scale-25pc/s2_62-ER_A4926-4L.jpg,mammary-gland_2/scale-25pc/s2_68-ER-A4962-4L.jpg,mammary-gland_2/scale-25pc/s2_62-ER_A4926-4L.csv,mammary-gland_2/scale-25pc/s2_68-ER-A4962-4L.csv,8313.5,"(2233, 8008)",training
mammary-gland_2/scale-25pc/s2_62-ER_A4926-4L.jpg,mammary-gland_2/scale-25pc/s2_70-PR_A4926-4L.jpg,mammary-gland_2/scale-25pc/s2_62-ER_A4926-4L.csv,mammary-gland_2/scale-25pc/s2_70-PR_A4926-4L.csv,8313.5,"(2233, 8008)",training
mammary-gland_2/scale-25pc/s2_63-HE_A4926-4L.jpg,mammary-gland_2/scale-25pc/s2_64-PR_A4926-4L.jpg,mammary-gland_2/scale-25pc/s2_63-HE_A4926-4L.csv,mammary-gland_2/scale-25pc/s2_64-PR_A4926-4L.csv,9759.2,"(2580, 9412)",training
mammary-gland_2/scale-25pc/s2_63-HE_A4926-4L.jpg,mammary-gland_2/scale-25pc/s2_66-CNEU_A4926-4L.jpg,mammary-gland_2/scale-25pc/s2_63-HE_A4926-4L.csv,mammary-gland_2/scale-25pc/s2_66-CNEU_A4926-4L.csv,9759.2,"(2580, 9412)",training
mammary-gland_2/scale-25pc/s2_63-HE_A4926-4L.jpg,mammary-gland_2/scale-25pc/s2_67-HE_A4926-4L.jpg,mammary-gland_2/scale-25pc/s2_63-HE_A4926-4L.csv,mammary-gland_2/scale-25pc/s2_67-HE_A4926-4L.csv,9759.2,"(2580, 9412)",training
mammary-gland_2/scale-25pc/s2_63-HE_A4926-4L.jpg,mammary-gland_2/scale-25pc/s2_68-ER-A4962-4L.jpg,mammary-gland_2/scale-25pc/s2_63-HE_A4926-4L.csv,mammary-gland_2/scale-25pc/s2_68-ER-A4962-4L.csv,9759.2,"(2580, 9412)",training
mammary-gland_2/scale-25pc/s2_63-HE_A4926-4L.jpg,mammary-gland_2/scale-25pc/s2_70-PR_A4926-4L.jpg,mammary-gland_2/scale-25pc/s2_63-HE_A4926-4L.csv,mammary-gland_2/scale-25pc/s2_70-PR_A4926-4L.csv,9759.2,"(2580, 9412)",training
mammary-gland_2/scale-25pc/s2_64-PR_A4926-4L.jpg,mammary-gland_2/scale-25pc/s2_66-CNEU_A4926-4L.jpg,mammary-gland_2/scale-25pc/s2_64-PR_A4926-4L.csv,mammary-gland_2/scale-25pc/s2_66-CNEU_A4926-4L.csv,8313.5,"(2233, 8008)",training
mammary-gland_2/scale-25pc/s2_64-PR_A4926-4L.jpg,mammary-gland_2/scale-25pc/s2_67-HE_A4926-4L.jpg,mammary-gland_2/scale-25pc/s2_64-PR_A4926-4L.csv,mammary-gland_2/scale-25pc/s2_67-HE_A4926-4L.csv,8313.5,"(2233, 8008)",training
mammary-gland_2/scale-25pc/s2_64-PR_A4926-4L.jpg,mammary-gland_2/scale-25pc/s2_68-ER-A4962-4L.jpg,mammary-gland_2/scale-25pc/s2_64-PR_A4926-4L.csv,mammary-gland_2/scale-25pc/s2_68-ER-A4962-4L.csv,8313.5,"(2233, 8008)",training
mammary-gland_2/scale-25pc/s2_64-PR_A4926-4L.jpg,mammary-gland_2/scale-25pc/s2_70-PR_A4926-4L.jpg,mammary-gland_2/scale-25pc/s2_64-PR_A4926-4L.csv,mammary-gland_2/scale-25pc/s2_70-PR_A4926-4L.csv,8313.5,"(2233, 8008)",training
mammary-gland_2/scale-25pc/s2_66-CNEU_A4926-4L.jpg,mammary-gland_2/scale-25pc/s2_67-HE_A4926-4L.jpg,mammary-gland_2/scale-25pc/s2_66-CNEU_A4926-4L.csv,mammary-gland_2/scale-25pc/s2_67-HE_A4926-4L.csv,9862.3,"(2946, 9412)",training
mammary-gland_2/scale-25pc/s2_66-CNEU_A4926-4L.jpg,mammary-gland_2/scale-25pc/s2_68-ER-A4962-4L.jpg,mammary-gland_2/scale-25pc/s2_66-CNEU_A4926-4L.csv,mammary-gland_2/scale-25pc/s2_68-ER-A4962-4L.csv,9862.3,"(2946, 9412)",training
mammary-gland_2/scale-25pc/s2_66-CNEU_A4926-4L.jpg,mammary-gland_2/scale-25pc/s2_70-PR_A4926-4L.jpg,mammary-gland_2/scale-25pc/s2_66-CNEU_A4926-4L.csv,mammary-gland_2/scale-25pc/s2_70-PR_A4926-4L.csv,9862.3,"(2946, 9412)",training
mammary-gland_2/scale-25pc/s2_67-HE_A4926-4L.jpg,mammary-gland_2/scale-25pc/s2_68-ER-A4962-4L.jpg,mammary-gland_2/scale-25pc/s2_67-HE_A4926-4L.csv,mammary-gland_2/scale-25pc/s2_68-ER-A4962-4L.csv,9862.3,"(2946, 9412)",training
mammary-gland_2/scale-25pc/s2_67-HE_A4926-4L.jpg,mammary-gland_2/scale-25pc/s2_70-PR_A4926-4L.jpg,mammary-gland_2/scale-25pc/s2_67-HE_A4926-4L.csv,mammary-gland_2/scale-25pc/s2_70-PR_A4926-4L.csv,9862.3,"(2946, 9412)",training
mammary-gland_2/scale-25pc/s2_68-ER-A4962-4L.jpg,mammary-gland_2/scale-25pc/s2_70-PR_A4926-4L.jpg,mammary-gland_2/scale-25pc/s2_68-ER-A4962-4L.csv,mammary-gland_2/scale-25pc/s2_70-PR_A4926-4L.csv,9862.3,"(2946, 9412)",training
mice-kidney_1/scale-25pc/2_aSMA.jpg,mice-kidney_1/scale-25pc/3_PAS.jpg,mice-kidney_1/scale-25pc/2_aSMA.csv,mice-kidney_1/scale-25pc/3_PAS.csv,11915.0,"(7552, 9216)",training
mice-kidney_1/scale-25pc/2_aSMA.jpg,mice-kidney_1/scale-25pc/5_PAS.jpg,mice-kidney_1/scale-25pc/2_aSMA.csv,mice-kidney_1/scale-25pc/5_PAS.csv,11915.0,"(7552, 9216)",training
mice-kidney_1/scale-25pc/2_aSMA.jpg,mice-kidney_1/scale-25pc/6_CD31.jpg,mice-kidney_1/scale-25pc/2_aSMA.csv,mice-kidney_1/scale-25pc/6_CD31.csv,11915.0,"(7552, 9216)",training
mice-kidney_1/scale-25pc/2_aSMA.jpg,mice-kidney_1/scale-25pc/8_CD31.jpg,mice-kidney_1/scale-25pc/2_aSMA.csv,mice-kidney_1/scale-25pc/8_CD31.csv,11915.0,"(7552, 9216)",training
mice-kidney_1/scale-25pc/2_aSMA.jpg,mice-kidney_1/scale-25pc/9_PAS.jpg,mice-kidney_1/scale-25pc/2_aSMA.csv,mice-kidney_1/scale-25pc/9_PAS.csv,11915.0,"(7552, 9216)",training
mice-kidney_1/scale-25pc/3_PAS.jpg,mice-kidney_1/scale-25pc/5_PAS.jpg,mice-kidney_1/scale-25pc/3_PAS.csv,mice-kidney_1/scale-25pc/5_PAS.csv,11317.0,"(7808, 8192)",training
mice-kidney_1/scale-25pc/3_PAS.jpg,mice-kidney_1/scale-25pc/6_CD31.jpg,mice-kidney_1/scale-25pc/3_PAS.csv,mice-kidney_1/scale-25pc/6_CD31.csv,11317.0,"(7808, 8192)",training
mice-kidney_1/scale-25pc/3_PAS.jpg,mice-kidney_1/scale-25pc/8_CD31.jpg,mice-kidney_1/scale-25pc/3_PAS.csv,mice-kidney_1/scale-25pc/8_CD31.csv,11317.0,"(7808, 8192)",training
mice-kidney_1/scale-25pc/3_PAS.jpg,mice-kidney_1/scale-25pc/9_PAS.jpg,mice-kidney_1/scale-25pc/3_PAS.csv,mice-kidney_1/scale-25pc/9_PAS.csv,11317.0,"(7808, 8192)",training
mice-kidney_1/scale-25pc/5_PAS.jpg,mice-kidney_1/scale-25pc/6_CD31.jpg,mice-kidney_1/scale-25pc/5_PAS.csv,mice-kidney_1/scale-25pc/6_CD31.csv,14235.1,"(8704, 11264)",training
mice-kidney_1/scale-25pc/5_PAS.jpg,mice-kidney_1/scale-25pc/8_CD31.jpg,mice-kidney_1/scale-25pc/5_PAS.csv,mice-kidney_1/scale-25pc/8_CD31.csv,14235.1,"(8704, 11264)",training
mice-kidney_1/scale-25pc/5_PAS.jpg,mice-kidney_1/scale-25pc/9_PAS.jpg,mice-kidney_1/scale-25pc/5_PAS.csv,mice-kidney_1/scale-25pc/9_PAS.csv,14235.1,"(8704, 11264)",training
mice-kidney_1/scale-25pc/6_CD31.jpg,mice-kidney_1/scale-25pc/8_CD31.jpg,mice-kidney_1/scale-25pc/6_CD31.csv,mice-kidney_1/scale-25pc/8_CD31.csv,11999.4,"(8768, 8192)",training
mice-kidney_1/scale-25pc/6_CD31.jpg,mice-kidney_1/scale-25pc/9_PAS.jpg,mice-kidney_1/scale-25pc/6_CD31.csv,mice-kidney_1/scale-25pc/9_PAS.csv,11999.4,"(8768, 8192)",training
mice-kidney_1/scale-25pc/8_CD31.jpg,mice-kidney_1/scale-25pc/9_PAS.jpg,mice-kidney_1/scale-25pc/8_CD31.csv,mice-kidney_1/scale-25pc/9_PAS.csv,14513.3,"(9152, 11264)",training
